Category,Service / Operator Name,API Operator Code
Broadband Bill,777 Network Broadband,1435
Broadband Bill,AAA Internet Services Pvt Ltd,1436
Broadband Bill,Aanirids Technologies Private Limited,1922
Broadband Bill,ACNS Pvt Ltd,894
Broadband Bill,ACT Fibernet,129
Broadband Bill,Activline,944
Broadband Bill,Adaptive Networks,1183
Broadband Bill,Adigital,895
Broadband Bill,Aeronet Online Services Private Limited,979
Broadband Bill,Air Internet,1156
Broadband Bill,Air Services,1177
Broadband Bill,Airgenie Communications,1201
Broadband Bill,Airicon Broadband Service,1871
Broadband Bill,AirJaldi - Rural Broadband,523
Broadband Bill,Airnet Networks,713
Broadband Bill,Airnetz,854
Broadband Bill,Airtel Broadband (Fetch and Pay),28
Broadband Bill,Airtel Wi-Fi Recharge,1574
Broadband Bill,Aitspl,1058
Broadband Bill,Alliance Broadband Services Pvt. Ltd.,519
Broadband Bill,Amber Online Services,896
Broadband Bill,ANI Network Pvt Ltd,767
Broadband Bill,Anonet Communications Private Limited,837
Broadband Bill,ANONET Partner,880
Broadband Bill,Anthariksha Fiber,1011
Broadband Bill,ANU Broadband,1012
Broadband Bill,Anupama Cable And Internet Service,1291
Broadband Bill,Aparna Star TV Network,1246
Broadband Bill,APB Broadband,1380
Broadband Bill,Apex,1052
Broadband Bill,Apple Fibernet,673
Broadband Bill,Apsara Communications,1437
Broadband Bill,Arihant Network,907
Broadband Bill,Asianet Broadband,254
Broadband Bill,Asvish Technology Partner (OPC) Pvt Ltd,1904
Broadband Bill,AT Broadband,908
Broadband Bill,Auriga,1101
Broadband Bill,Ayman Internet,1281
Broadband Bill,B FI Networks,1274
Broadband Bill,B Fibernet,768
Broadband Bill,B Tel Internet Pvt Ltd,1391
Broadband Bill,BACBPL,1703
Broadband Bill,Balaji Broadband,800
Broadband Bill,Balaji Fiber Communication,1913
Broadband Bill,Baroda Broadband,1123
Broadband Bill,BCTN Broadband,1221
Broadband Bill,BHARATNET COMMUNICATlONS PRIVATE LIMITED,1023
Broadband Bill,Bhima Riddhi Broadband Private Limited,1259
Broadband Bill,Bijis Internet Private Limited,980
Broadband Bill,Bindas Network,1747
Broadband Bill,Blue Lotus Support Services Pvt ltd,656
Broadband Bill,Broadband 24X7,1260
Broadband Bill,Bsb Networks,1136
Broadband Bill,Catla Broadband,1438
Broadband Bill,Chakdaha Cable and Broadband,1176
Broadband Bill,Charotar Broadband,1084
Broadband Bill,Cherrinet,759
Broadband Bill,Clicknet Communication,1427
Broadband Bill,Cloud ISP,899
Broadband Bill,Cloudlasers Broadband,932
Broadband Bill,Cloudsky Superfast Broadband and Services Pvt Ltd,752
Broadband Bill,cNc Broadband,1068
Broadband Bill,Comcast Broadband Services,1069
Broadband Bill,Compliance Broadband (CBPL),838
Broadband Bill,Comway Broadband,252
Broadband Bill,Confiar Broadband,842
Broadband Bill,Connect Broadband,136
Broadband Bill,Correl Internet,775
Broadband Bill,Crystal Broadband,900
Broadband Bill,Crystalclear Network,1137
Broadband Bill,Cyber Broadband Pvt Ltd,933
Broadband Bill,Dainik Savera Net,1202
Broadband Bill,Daksh Telecom,934
Broadband Bill,Deco Broadband,957
Broadband Bill,Deenet Services Private Limited,715
Broadband Bill,DEN Broadband,283
Broadband Bill,DHL Fibernet,803
Broadband Bill,Diginet,1926
Broadband Bill,Digital World,836
Broadband Bill,Digiway Net,666
Broadband Bill,DJio Net,1240
Broadband Bill,Dreamnet Gigafiber,1139
Broadband Bill,DSCN,1167
Broadband Bill,DVPL,834
Broadband Bill,DVPL BB,1051
Broadband Bill,DVR Broadband Services,716
Broadband Bill,DWAN Supports Private Ltd,650
Broadband Bill,Earthlink Net,1329
Broadband Bill,Easy Net,1143
Broadband Bill,Ecreado Network Solutions Private Limited,1680
Broadband Bill,Eknath,1106
Broadband Bill,ELL Fibernet,1690
Broadband Bill,Esto Broadband Private Ltd,995
Broadband Bill,Esto Media,1277
Broadband Bill,Ethernet Xpress,755
Broadband Bill,Eway FiberNet,789
Broadband Bill,Excell Broadband,549
Broadband Bill,Express Wire,975
Broadband Bill,Extreme Broadband,1071
Broadband Bill,F2H Networks Private Limited,1938
Broadband Bill,FABNET,796
Broadband Bill,Feathers,882
Broadband Bill,Fiber Power Connects Private Limited,883
Broadband Bill,FiberX,1087
Broadband Bill,Fibra Netway Pvt Ltd,1914
Broadband Bill,Ficus Telecom Pvt Ltd,629
Broadband Bill,Flash Fibernet,314
Broadband Bill,Frontline Internet Services,1236
Broadband Bill,Fusionnet Web Services Private Limited,253
Broadband Bill,Future Connect Broadband,1015
Broadband Bill,Future Netsanchar Limited,1393
Broadband Bill,G LinkFibernet,1412
Broadband Bill,Galactic Internet,1420
Broadband Bill,Galaxynet,1193
Broadband Bill,Gangotri Telenet Pvt Ltd,1194
Broadband Bill,Garuda Groups,1421
Broadband Bill,Gateway Networks,1024
Broadband Bill,GBPL,981
Broadband Bill,GBPS Networks Pvt Ltd,754
Broadband Bill,GEFO Fibernet,1439
Broadband Bill,GenZ Broadband,1428
Broadband Bill,Globalfibertel,935
Broadband Bill,Globnet Broadband,1253
Broadband Bill,GNET,756
Broadband Bill,Goodwill Broadband,1704
Broadband Bill,GRB infotech,1016
Broadband Bill,Grey Sky Internet,1292
Broadband Bill,GSR Broadband,1336
Broadband Bill,Gtech Broadband,915
Broadband Bill,Gtech Partner.,912
Broadband Bill,GTPL Broadband Pvt Ltd,1847
Broadband Bill,GTPL KCBPL Broadband Pvt Ltd,589
Broadband Bill,Gulbarga Mega Speed,833
Broadband Bill,Hasten,1158
Broadband Bill,Hathway Broadband,135
Broadband Bill,Hi Reach Broadband,714
Broadband Bill,Hi Tech Broadband,1440
Broadband Bill,Hightec Network Solutions (OPC) Private Limited,1681
Broadband Bill,Hightech Broadband Services Pvt Ltd,1278
Broadband Bill,Hybrid Internet,1639
Broadband Bill,Hybrid Network,1293
Broadband Bill,Hydranet Broadband,1389
Broadband Bill,I Com Broadband Service,1392
Broadband Bill,I Net Broadband,815
Broadband Bill,I Plus Networks Private Limited,1951
Broadband Bill,I-Net Communication Internet Service Provider,1923
Broadband Bill,Imperium Digital Network Private Limited,906
Broadband Bill,Indinet Service Pvt Ltd,1442
Broadband Bill,Inet Fiber,843
Broadband Bill,Infinet,781
Broadband Bill,Infinity Fibernet,857
Broadband Bill,Infonet Comm Enterprises Pvt Ltd,1131
Broadband Bill,INRI Communications Pvt Ltd,1138
Broadband Bill,Instalinks,278
Broadband Bill,Intech Online Private Limited,1789
Broadband Bill,ION,395
Broadband Bill,IRRA Internet Service Private Limited,878
Broadband Bill,Ishan Netsol Private Ltd,1210
Broadband Bill,Island Broadband,991
Broadband Bill,Isolnet Integrated Solutions,1381
Broadband Bill,Jeetu Broadband,1443
Broadband Bill,Jtel,1184
Broadband Bill,Juweriyah Networks (Jeebr),1429
Broadband Bill,Karnet Broadband,1413
Broadband Bill,Kerala Fibre Optic Network (KFON),1915
Broadband Bill,Kerala Fibre Optic Network Limited,1915
Broadband Bill,Kerala Vision Broadband,623
Broadband Bill,Khatore It Solutions Private Limited,958
Broadband Bill,Khetan Telecommunications Pvt Ltd,1111
Broadband Bill,Kingnet,1212
Broadband Bill,Kings Broadband,664
Broadband Bill,Kord Broadband Services Pvt Ltd,905
Broadband Bill,Krishiinet Infocom Pvt Ltd,920
Broadband Bill,Krp Fibernet,937
Broadband Bill,KumarNet,1754
Broadband Bill,Link4data Broadband,1444
Broadband Bill,Linktel Broadband,1294
Broadband Bill,Linkway Broadband,1715
Broadband Bill,Logon Broadband,1092
Broadband Bill,Lotus Broadband,737
Broadband Bill,M-NET Fiber Fast,281
Broadband Bill,Manas Broadband,802
Broadband Bill,Manojava Broadband Private Ltd,902
Broadband Bill,Maruthi Net Cable,1656
Broadband Bill,Maya Electronice And Internet Service,1175
Broadband Bill,MB Net,1211
Broadband Bill,Megasoft Broadband,1128
Broadband Bill,Megasurf Broadband,1696
Broadband Bill,Megatel Networks Private Limited,1654
Broadband Bill,Meghbela Broadband,1755
Broadband Bill,Meghlink,816
Broadband Bill,Megnet,1338
Broadband Bill,Metanet,1083
Broadband Bill,Microscan Infocommtech Pvt. Ltd.,647
Broadband Bill,MM Enterprise,1928
Broadband Bill,MM Networks,879
Broadband Bill,More Wifi,1144
Broadband Bill,MOU Broadband and Cable Service,1780
Broadband Bill,MS Broadband,799
Broadband Bill,MS Networks,983
Broadband Bill,Multicraft Digital Technologies Private Limited,1229
Broadband Bill,My Internet Zone,1235
Broadband Bill,N4U Broadband,1499
Broadband Bill,Nageshwar Broadband,1222
Broadband Bill,Nandbalaji Connecting Zone Private Limited,1657
Broadband Bill,National Broadband Network,1171
Broadband Bill,Ncore Creative Technologies Private Limited,1474
Broadband Bill,Ne Line,856
Broadband Bill,Net 9 Fibernet Private Limited,940
Broadband Bill,Netplus Broadband,305
Broadband Bill,NetSanchar Internet,1382
Broadband Bill,Netway Infotech Private Limited,1018
Broadband Bill,Nexgen ISP,1877
Broadband Bill,Nextgen ANT Fiber Broadband,844
Broadband Bill,NextGen Broadband Pvt Ltd,1497
Broadband Bill,NGC IT Works,1383
Broadband Bill,Nikki Internet Services,1213
Broadband Bill,Nirav Infoway Pvt Ltd,1430
Broadband Bill,Niss Fibernet,1223
Broadband Bill,Nitro Broadband,1094
Broadband Bill,NPR Broadband Services,1181
Broadband Bill,NS Broadband,659
Broadband Bill,NSPL,855
Broadband Bill,ODiGiTEL Broadband,1388
Broadband Bill,One Broadband,706
Broadband Bill,One Click Internet Services,911
Broadband Bill,Onetouch Express,1276
Broadband Bill,Orange Broadband,845
Broadband Bill,Orange Fibernet and TV,886
Broadband Bill,Orange Infocom Pvt Ltd,989
Broadband Bill,OXYNET,1019
Broadband Bill,Padmesh Broadband Pvt Ltd,994
Broadband Bill,PeerCast,817
Broadband Bill,Pegasuswave Private Limited,929
Broadband Bill,Pink Broadband,674
Broadband Bill,Pioneer Elabs Limited,735
Broadband Bill,Plex Broadband,853
Broadband Bill,Pol Fibernet Private Limited,1676
Broadband Bill,Praction Networks,1414
Broadband Bill,QNet,913
Broadband Bill,Quadplay,1157
Broadband Bill,Quest Consultancy Pvt Ltd,738
Broadband Bill,Quicknet Communication,866
Broadband Bill,Radius Broadband Services,1701
Broadband Bill,Raghavendra Network Services,1339
Broadband Bill,RailWire Broadband,1164
Broadband Bill,Rainbow Communications India Pvt Ltd,1328
Broadband Bill,Rajesh Digital and Datacom Private Limited,887
Broadband Bill,Rapidmove Broadband Services Private Limited,1640
Broadband Bill,Rapidnet,1080
Broadband Bill,Raze Networks,962
Broadband Bill,RCOM Networks,1129
Broadband Bill,RDS NET,846
Broadband Bill,Reach Broadband,904
Broadband Bill,REALTEL,877
Broadband Bill,Reisnet Broadband,733
Broadband Bill,Renu Broadband,1053
Broadband Bill,Rida Online,1093
Broadband Bill,Rising Broadband OPC Private Limited,1885
Broadband Bill,RK Internet,1295
Broadband Bill,Roarnet Broadband Private Limited,1079
Broadband Bill,Royal Fibernet,974
Broadband Bill,Royal Internet,1848
Broadband Bill,Royal Networks,1296
Broadband Bill,RVR Digital,1261
Broadband Bill,S M Giganet Services Private Limited,1668
Broadband Bill,Samaira Infotech Pvt. Ltd,1273
Broadband Bill,Samiksha Network Solutions,1166
Broadband Bill,Satellite Netcom Private Limited,1493
Broadband Bill,Satsky,1409
Broadband Bill,SBASS,1431
Broadband Bill,SBR Telecom,850
Broadband Bill,Seyon Teleinfra,1028
Broadband Bill,SG Broadband,874
Broadband Bill,SGK Broadband,1491
Broadband Bill,Sgs Broadband,1584
Broadband Bill,SH True Internet Private Limited,1837
Broadband Bill,Shark Broadband,1178
Broadband Bill,Shine Broadband,765
Broadband Bill,Shiv Shakti Computers,1145
Broadband Bill,Shrikshetra Networks Private Limited,1717
Broadband Bill,Sigaram Communication (Sigaram Fibernet),1920
Broadband Bill,Siliguri Internet And Cable TV Pvt Ltd,1195
Broadband Bill,Singh Televentures,1170
Broadband Bill,Siti Vision Data,1390
Broadband Bill,Skyair Internet,1082
Broadband Bill,Skynet,1200
Broadband Bill,Skynet Fiber Broadband,1335
Broadband Bill,Skynet Internet Broadband Pvt Ltd,1020
Broadband Bill,Skynet Wireless,1060
Broadband Bill,Skyway Telecom,973
Broadband Bill,Skyworld Infotech,1146
Broadband Bill,Smart Net India Pvt Ltd,888
Broadband Bill,Sndc Communication Private Limited,1109
Broadband Bill,SNS Internet Services Private Limited,1729
Broadband Bill,Softnet Digital,1059
Broadband Bill,Sparkline Technosys Private Limited,1824
Broadband Bill,SpectraNet Broadband,137
Broadband Bill,Speed Hex Tele Communications Pvt Ltd,1182
Broadband Bill,Speednet Broadband,1161
Broadband Bill,Speednet Unique Network,801
Broadband Bill,Speedsy,1411
Broadband Bill,Spider Broadband,1169
Broadband Bill,Spiderlink Networks Pvt Ltd,717
Broadband Bill,Spidernet Broadband,753
Broadband Bill,SpotNet Connected,1677
Broadband Bill,SR Broadband,867
Broadband Bill,SR IT Solutions,1884
Broadband Bill,SR NET KAVALI,1002
Broadband Bill,Sri lakshmi networks private limited,758
Broadband Bill,Sri Sai Communication and Internet Private Limited,1304
Broadband Bill,Sristisanchar Webnet Limited,1886
Broadband Bill,SS Broadband,1341
Broadband Bill,Ss Cablenet,1105
Broadband Bill,SS Internet,804
Broadband Bill,Ssky Conneect Private Limited,1117
Broadband Bill,ST Broadband Cable Service,1266
Broadband Bill,Starlings Broadband,1330
Broadband Bill,Starnetworks,1147
Broadband Bill,Stromnet Broadband,1120
Broadband Bill,Sun Broadband And Data Services Pvt Ltd,1305
Broadband Bill,Super Sonic Broadband Private Limited,769
Broadband Bill,SuperNetplus,1204
Broadband Bill,Suraj Networks,1148
Broadband Bill,SVS Broadband,1342
Broadband Bill,Swifttele Enterprises Private Limited,451
Broadband Bill,Syncbroad Networks Pvt Ltd,1719
Broadband Bill,Syncevo Broadband Scify,1500
Broadband Bill,SYXM Conectify (Grandnet),1887
Broadband Bill,T-way,1076
Broadband Bill,Tachyon Broadband,1933
Broadband Bill,Tachyon Communications Private Limited,1933
Broadband Bill,Tact Communication Pvt Ltd,1432
Broadband Bill,TATA PLAY FIBER,828
Broadband Bill,Technosys Teleservices,1846
Broadband Bill,Telex Broadband,1445
Broadband Bill,Threesa,971
Broadband Bill,TIC FIBER,660
Broadband Bill,Tikona Infinet Pvt Ltd,56
Broadband Bill,Timbl Broadband,284
Broadband Bill,TJ Broadband Network Pvt Ltd,788
Broadband Bill,Toptus Broadband Services,1337
Broadband Bill,Treelink Broadband,1088
Broadband Bill,Trisha Enterprises,1718
Broadband Bill,Trunet Broadband,1464
Broadband Bill,TSK Giga Fibber,736
Broadband Bill,TTN BroadBand,213
Broadband Bill,U Tele Services Pvt Ltd,1410
Broadband Bill,UCN Fibernet Pvt Ltd,1315
Broadband Bill,Udupi Fastnet Pvt Ltd,732
Broadband Bill,Ufibernet,805
Broadband Bill,Ultimate Internet Services Private Limited,1896
Broadband Bill,Unique Broadband Service Private Limited,1262
Broadband Bill,UNM Broadband Service,1343
Broadband Bill,UTG One Telecom,1852
Broadband Bill,Varsha Fibernet,1344
Broadband Bill,Vayu Online Pvt Ltd,1110
Broadband Bill,VBC ON Fiber,1876
Broadband Bill,VCC Broadband,852
Broadband Bill,VCN Fibernet,1661
Broadband Bill,Vega Internet (OPC) Private Limited,1135
Broadband Bill,Velocity Giga Fiber Net,1939
Broadband Bill,Veloxr Telecom Pvt Ltd,1587
Broadband Bill,Vfibernet Broadband,289
Broadband Bill,Vijayalakshmi Net Services Private Limited,1648
Broadband Bill,Vision Fibernet,868
Broadband Bill,Vision Hi Speed,1498
Broadband Bill,WANDOOR MULTIVERSE PVT LTD,1098
Broadband Bill,Wave Fiber,892
Broadband Bill,Way2Net IT Services Pvt Ltd,977
Broadband Bill,Weebo Networks Pvt Ltd,734
Broadband Bill,Weone Broadband,1306
Broadband Bill,Willaegis,1130
Broadband Bill,Win Communications,1224
Broadband Bill,Winux Communications,1159
Broadband Bill,Wish Net Pvt Ltd,588
Broadband Bill,World Phone Internet Services Pvt Ltd,1267
Broadband Bill,Worldnet Broadband,1279
Broadband Bill,Xpress Fiber,889
Broadband Bill,You Broadband,1077
Broadband Bill,Zapbytes Fibernet,1165
Broadband Bill,Zita Telecom,1214
Broadband Bill,Zyetek Stream,1203
Cable TV,Alka Vishwadarshan,967
Cable TV,Amrita Cable Network,881
Cable TV,Angel Cable And Broadband Service,1172
Cable TV,Ansari Cable Tv,1394
Cable TV,Arihant Network,1872
Cable TV,Aryan Cable Network,969
Cable TV,Asianet Digital,435
Cable TV,Atria Convergence Technologies Limited,1484
Cable TV,Ayyappa Swamy Siti Cable Network Badvel,1307
Cable TV,Badanganj Cable Network,1207
Cable TV,Bapi Electric And Cable Network,1029
Cable TV,BCN Digital,1490
Cable TV,CableGuy,1149
Cable TV,Catv Digital,1118
Cable TV,CCNDS Cable,1237
Cable TV,Channel Vision Cable TV Network,1030
Cable TV,COCHIN CABLE VISION,997
Cable TV,Deetech Cable Network,865
Cable TV,Devi Sat Vision Cable TV Network,1031
Cable TV,Dishergarh Cable TV,1032
Cable TV,Dreamland Cables,1196
Cable TV,Golden Cable Network,858
Cable TV,Goswami Fastway Roni,1606
Cable TV,GTPL Hathway Limited,675
Cable TV,Hathway Digital Cable TV,138
Cable TV,Haur Cable Network,1591
Cable TV,High Range Communication,1062
Cable TV,INDigital,596
Cable TV,Jemari Cable Darshan,1366
Cable TV,Jhanjra Cable and Broadband Services,1465
Cable TV,Laxmimata Cable Network,1225
Cable TV,Lugvalley Digital Cable Network,1578
Cable TV,M M Communication,1197
Cable TV,Maa Durga Cable Broadband Service,1033
Cable TV,Maa Sidheswari Enterprises,1263
Cable TV,Maa Tara Network,1264
Cable TV,Mathurapur Cable Network,1631
Cable TV,Metro Cast Network India Pvt Ltd,1217
Cable TV,Mobiezy,1316
Cable TV,Modina Cable Network,1384
Cable TV,Mondal Cable TV Network,1034
Cable TV,Network Cable Solutions,1454
Cable TV,New Airnet Cable,999
Cable TV,New Samananta Cable,1035
Cable TV,Om Network Solution,1906
Cable TV,Paglachandi Cable Network,1254
Cable TV,Pal Cable Network,1216
Cable TV,Parbati Cable Network,1036
Cable TV,Paymytv - Den,1467
Cable TV,Paymytv - Hathway,1468
Cable TV,Plassey Cable Network,1205
Cable TV,Poochakal Cable Vision,950
Cable TV,Rudra Communication,1061
Cable TV,Sakthi Cable TV,1054
Cable TV,Sangli Media communication,832
Cable TV,Santishree Cable,1301
Cable TV,Satellite Cable Communication,797
Cable TV,See Cable Tv,1230
Cable TV,St Sebastian Cable Network,1100
Cable TV,Star Samir Cable Network,990
Cable TV,Sun Cable Network,1508
Cable TV,Sunny Cable,1395
Cable TV,Sweety Cable,1586
Cable TV,Tara Maa Cable Network,1215
Cable TV,Tarapith Cable Link,1206
Cable TV,TCN Digital,891
Cable TV,Twinkle Cable Vision,1888
Cable TV,UCN Cable,963
Cable TV,Vdigital,1179
Cable TV,VDV Digital,723
Cable TV,Victory Digital Network Pvt Ltd,1649
Credit Card,AU Bank Credit Card,AU
Credit Card,Axis Bank Credit Card,UTIB
Credit Card,Bandhan Bank Credit Card,BDN
Credit Card,Bank of India Credit Card,BKID
Credit Card,BoB Credit Card,BARB
Credit Card,Canara Credit Card,CNRB
Credit Card,CSB One Credit Card,CSBONE
Credit Card,CUB Credit Card,CUB
Credit Card,DBS Bank Credit Card,DBS
Credit Card,DCB Bank Credit Card,DCB
Credit Card,Dhanlaxmi Bank Limited Credit Card,DLBL
Credit Card,Edge CSB Bank RuPay Credit Card,CSB
Credit Card,ESAF Bank Credit Card,ESAF
Credit Card,Federal Bank Credit Card,FDRL
Credit Card,HSBC Credit Card,HSBC
Credit Card,ICICI Credit card,ICIC
Credit Card,IDBI Bank Credit Card,IBKL
Credit Card,IDFC FIRST Bank Credit Card,IDFCB
Credit Card,Indian bank credit card,IDIB
Credit Card,IndusInd Credit Card,INDB
Credit Card,IOB Credit Card,IOBA
Credit Card,Jammu and Kashmir Bank Credit Card,JAKB
Credit Card,Kotak Mahindra Bank Credit Card,KKBK
Credit Card,One - BOBCARD Credit Card,ONEBOB
Credit Card,One - Indian Bank Credit Card,ONEIDIB
Credit Card,One - South Indian Bank Credit Card,SIBL
Credit Card,Punjab National Bank Credit Card,PUNB
Credit Card,RBL Bank Credit Card,RATN
Credit Card,Saraswat Co-Operative Bank Ltd Credit Card,SRCB
Credit Card,SBI Credit Card,SBIN
Credit Card,SBM Bank India Limited Credit Card,SBM
Credit Card,SLICE Bank Credit Card,SLICE
Credit Card,Suryoday Small Finance Bank Credit Card,SSFB
Credit Card,Tamilnad Mercantile Bank Credit Card,TMB
Credit Card,Union Bank of India Credit Card,UBIN
Digital Voucher,Google Play Recharge Code,139
Donation,Achyut Maharaj Janmbhumi Sansthan,1810
Donation,Akshaya Patra Foundation,1407
Donation,Anand Jivan Foundation Trust,1397
Donation,Apeksha Humanitarian Rights and Social Welfare Foundations,1727
Donation,Ashadeep Association,1707
Donation,Bal Raksha Bharat,1501
Donation,Bhagwan Sri Satya Sai Baba Charitable Trust,1739
Donation,Catalysts for Social Action,1786
Donation,Chandrans Yuva Foundation,1738
Donation,Child Help Foundation,1634
Donation,Church Of Christ Trust,1748
Donation,DEAN Foundation,1691
Donation,Devdaitywa Welfare Foundation,1416
Donation,Developmental Association for Human Advancements (DEHAT),1853
Donation,Empowering Social Welfare Foundation,1811
Donation,Global Life Tree Foundation,1592
Donation,Gomateshwar Bhagwan shri Bahubali Swamy Shravanabelagola,1448
Donation,GSB Mandal Dombivli,1749
Donation,Gupt Vrindavan Dham,1790
Donation,Guruvayur Sri Krishna Temple,1807
Donation,Hare Krishna Movement Ahmedabad,1452
Donation,HelpAge India,1793
Donation,Human Welfare Charitable Trust,1698
Donation,Institute for Rural Development IRD,1415
Donation,ISKCON Bangalore,1861
Donation,ISKCON Bhopal,1740
Donation,ISKCON Bhubaneswar,1849
Donation,ISKCON Hubballi-Dharwad,1713
Donation,ISKCON Pune,1741
Donation,ISKCON Pune Camp,1447
Donation,ISKCON Tirupati,1843
Donation,Jesus Kings Temple Foundations and Charitable Trust,1706
Donation,Kalimata Temple Charitable Trust,1797
Donation,Kerala State Council for Child Welfare,1850
Donation,Ketto Foundation,1641
Donation,Mahathobhara Shri Mangaladevi Temple,1679
Donation,National Shrine Basilica Of Our Lady Of Ransom,1783
Donation,Pakhar Sankul Solapur,1398
Donation,Prerna Parivar Welfare Foundation,1446
Donation,Radha Madhav Sewa Charitable Trust,1658
Donation,Saambhavi,1812
Donation,Sahyog Care for You,1809
Donation,Sanvitha Edu Shape Foundation,1820
Donation,Sardardham,1433
Donation,Shirdi Sai Baba Temple Society,1685
Donation,Shree Ganga Charitable Trust,1750
Donation,Shree Kalki Dham Nirman Trust,1608
Donation,SHREE KARNI GOUSHALA DESHNOKE,1781
Donation,Shree Kashi Vishwanath Mandir Trust,1460
Donation,Shri Amarnathji Shrine Board,1455
Donation,Shri Jagannath Temple Administration Puri,1823
Donation,Shri Krishnayan Desi Gauraksha Avom Golok Dham Seva Samiti,1489
Donation,Shri Mata Mansa Devi Shrine Board,1782
Donation,Shri Mata Vaishno Devi Shrine Board,1268
Donation,Shri Raghavendra Swamy Mut,1742
Donation,Shri Ram Janmbhoomi Teerth Kshetra,1269
Donation,Shri Uttaradi Math,1399
Donation,Shri Venkataramana Temple,1844
Donation,Smile Foundation,1502
Donation,Soor Shyam Seva Sansthan,1705
Donation,South Gujarat Medical Education And Research Centre,1686
Donation,Spandana Association [R] Bankapur,1862
Donation,Sree Seeta Ramachandra Swamy Vari Devastanam,1857
Donation,Sri Banashankari Temple,1560
Donation,Sri Pratyaksha Charitable Trust,1385
Donation,Sri Rajarajeswara Temple,1730
Donation,Sri Trichambaram Sreekrishna Temple,1731
Donation,Sri Trimukha Gariki Vinyaka Seva Trust,1856
Donation,Sri Vinayaka Temple Guddattu,1863
Donation,Thaagam Foudation,1765
Donation,Thakur Shri Banke Bihari Ji Vrindavan,1813
Donation,The Gowd Saraswat Brahimin Mandal Thane,1733
Donation,Trulyhelp Trust,1422
Donation,Udavum Karangal,1825
Donation,Vedachala Seva Trust,1702
Donation,Vidiyal Society Sathyamangalam,1423
Donation,Vishav Manav Ruhani Kendra,1644
Donation,World Vision India,1851
DTH Recharge,Airtel DTH,ATV
DTH Recharge,Dish TV,DTV
DTH Recharge,Sun Direct TV,STV
DTH Recharge,TATA Play,TTV
DTH Recharge,Videocon DTH,VTV
Electricity Bill,Adani Electricity Mumbai Limited,AEML
Electricity Bill,AEML SEEPZ Limited,1893
Electricity Bill,Ajmer Vidyut Vitran Nigam Limited (AVVNL),AVVNL
Electricity Bill,Andhra Pradesh Central Power Distribution Corporation Limited,APCPDCL
Electricity Bill,Assam Power Distribution Company Ltd (NON-RAPDR),APDCLNR
Electricity Bill,Assam Power Distribution Company Ltd- Smart Prepaid Recharge,APDCLR
Electricity Bill,B.E.S.T Mumbai,BEST
Electricity Bill,Bangalore Electricity Supply Co. Ltd (BESCOM),BESCOM
Electricity Bill,Bharatpur Electricity Services Ltd. (BESL),BESL
Electricity Bill,Bikaner Electricity Supply Limited (BkESL),BKESL
Electricity Bill,BSES Rajdhani Power Limited,BSESRSL
Electricity Bill,BSES Rajdhani Prepaid Meter Recharge,BSESRSLPMR
Electricity Bill,BSES Yamuna Power Limited,BSESYPL
Electricity Bill,BSES Yamuna Prepaid Meter Recharge,BSESYPLPMR
Electricity Bill,Calcutta Electricity Supply Co. Ltd. (CESC),CESC
Electricity Bill,Chamundeshwari Electricity Supply Corp Ltd (CESCOM),CESCOM
Electricity Bill,Chhattisgarh State Power Distribution Co. Ltd,CSPDCL
Electricity Bill,Dadra and Nagar Haveli and Daman and Diu Power Distribution Corporation Limited,DNHDDPDCL
Electricity Bill,Dakshin Gujarat Vij Company Limited (DGVCL)-Fetch and pay,DGVCL
Electricity Bill,Dakshin Haryana Bijli Vitran Nigam (DHBVN),DHBVN
Electricity Bill,Department of Power Government of Arunachal Pradesh,DOPGOAP
Electricity Bill,Department of Power Government of Arunachal Pradesh - Prepaid,DOPGOAP
Electricity Bill,Department of Power Nagaland,DOPN
Electricity Bill,Electricity Department Chandigarh,EDC
Electricity Bill,Gift Power Company Limited,GPCL
Electricity Bill,Goa Electricity Department,GED
Electricity Bill,Gulbarga Electricity Supply Company Limited,GESCL
Electricity Bill,Himachal Pradesh State Electricity Board,HPSEB
Electricity Bill,Hubli Electricity Supply Company Ltd (HESCOM),HESCL
Electricity Bill,Hukkeri Rural Electric CoOperative Society Ltd,HRECSL
Electricity Bill,India Power Corporation Limited (IPCL),IPCL
Electricity Bill,Jaipur Vidyut Vitran Nigam (JVVNL),JVVNL
Electricity Bill,Jammu Power Distribution Corporation (JPDCL),1708
Electricity Bill,Jharkhand Bijli Vitran Nigam Limited (JBVNL),JBVNL
Electricity Bill,Jharkhand Bijli Vitran Nigam Limited - Prepaid Meter Recharge,JBVNLPM
Electricity Bill,Jodhpur Vidyut Vitran Nigam Limited (JDVVNL),JDVVNL
Electricity Bill,Kanan Devan Hills Plantations Company Private Limited,552
Electricity Bill,Kashmir Power Distribution Corporation Ltd (KPDCL),438
Electricity Bill,Kerala State Electricity Board Ltd. (KSEBL),KSEBL
Electricity Bill,Kinesco Power and Utilities Pvt Ltd,1728
Electricity Bill,Kota Electricity Distribution Limited (KEDL),KEDL
Electricity Bill,Ladakh Power Development Department (LPDD),1700
Electricity Bill,Lakshadweep Electricity Department,LED
Electricity Bill,M.P. Madhya Kshetra Vidyut Vitaran - RURAL,MPMKVVCLR
Electricity Bill,M.P. Madhya Kshetra Vidyut Vitaran - URBAN,MPMKVVCLU
Electricity Bill,M.P. Paschim Kshetra Vidyut Vitaran,MPPKVVCL
Electricity Bill,M.P. Poorv Kshetra Vidyut Vitaran Jabalpur,MPCZ
Electricity Bill,Madhya Gujarat Vij Company Limited (MGVCL)-Fetch and pay,MGVCL
Electricity Bill,Maharashtra State Electricity Distbn Co Ltd,MSEDCL
Electricity Bill,Mangalore Electricity Supply Co. Ltd (MESCOM) - RAPDR,MESCOMR
Electricity Bill,Mangalore Electricity Supply Company LTD (Non RAPDR),MESCOMNR
Electricity Bill,Manipur State Power Distribution Company Limited,1720
Electricity Bill,Meghalaya Power Dist Corp Ltd,MPDCL
Electricity Bill,MePDCL Smart Prepaid Meter Recharge,MEPDCLPM
Electricity Bill,New Delhi Municipal Council (NDMC) - Electricity,NDMC
Electricity Bill,Noida Power,NPCL
Electricity Bill,North Bihar Power Distribution Company Ltd.,NBPDCL
Electricity Bill,Northern Power Distribution Company of Telangana Limited,1568
Electricity Bill,Paschim Gujarat Vij Company Limited (PGVCL)-Fetch and pay,PGVCL
Electricity Bill,Power and Electricity Department - Mizoram - 10 Digit Consumer Number,PEDM
Electricity Bill,Punjab State Power Corporation Ltd (PSPCL),PSPCL
Electricity Bill,Sikkim Power - RURAL,SPR
Electricity Bill,Sikkim Power - URBAN,SPU
Electricity Bill,South Bihar Power Distribution Company Ltd.,SBPDCL
Electricity Bill,Southern Power Distribution Company of Telangana Limited,1567
Electricity Bill,Tamil Nadu Power Distribution Corporation Limited (TNPDCL),TNPDCL
Electricity Bill,Tata Power - Delhi,TPDDL
Electricity Bill,Tata Power - Mumbai,TPCLM
Electricity Bill,Tata Steel UISL,69
Electricity Bill,The Co operative Electric Supply Society Ltd Sircilla,1775
Electricity Bill,Thrissur Corporation Electricity Department,TCED
Electricity Bill,Torrent Power,TPL
Electricity Bill,TP Ajmer Distribution Ltd (TPADL),TPADL
Electricity Bill,TP Central Odisha Distribution Ltd.,TPCODL
Electricity Bill,TP Northern Odisha Distribution Limited,TPNODL
Electricity Bill,TP Renewables Microgrid Ltd.,TPRML
Electricity Bill,TP Southen Odisha Distribution Ltd-Smart Prepaid Meter Recharge,TPSODLP
Electricity Bill,TP Southern Odisha Distribution Limited,TPSODL
Electricity Bill,TP Western Odisha Distribution Limited,TPWODL
Electricity Bill,TP Western Odisha Distribution Ltd-Smart Prepaid Meter Recharge,TPWODL
Electricity Bill,Tripura Electricity Corp Ltd,TECL
Electricity Bill,TTD Electricity,1372
Electricity Bill,UPPCL Agra-DVVNL,UPPCL1
Electricity Bill,UPPCL Aligarh-DVVNL,UPPCL2
Electricity Bill,UPPCL Ambedkar Nagar-MVVNL,UPPCL3
Electricity Bill,UPPCL Amethi-MVVNL,UPPCL4
Electricity Bill,UPPCL Amroha-PVVNL,UPPCL5
Electricity Bill,UPPCL Auraiya-DVVNL,UPPCL6
Electricity Bill,UPPCL Ayodhya-MVVNL,UPPCL7
Electricity Bill,UPPCL Azamgarh-PUVNL,UPPCL8
Electricity Bill,UPPCL Bagpat-PVVNL,UPPCL9
Electricity Bill,UPPCL Bahraich-MVVNL,UPPCL10
Electricity Bill,UPPCL Ballia-PUVNL,UPPCL11
Electricity Bill,UPPCL Balrampur-MVVNL,UPPCL12
Electricity Bill,UPPCL Banda-DVVNL,UPPCL13
Electricity Bill,UPPCL Barabanki-MVVNL,UPPCL14
Electricity Bill,UPPCL Bareilly-MVVNL,UPPCL15
Electricity Bill,UPPCL Basti-PUVNL,UPPCL16
Electricity Bill,UPPCL Bijnor-PVVNL,UPPCL17
Electricity Bill,UPPCL Budaun-MVVNL,UPPCL18
Electricity Bill,UPPCL Bulandshahr-PVVNL,UPPCL19
Electricity Bill,UPPCL Chandauli-PUVNL,UPPCL20
Electricity Bill,UPPCL Chitrakoot-DVVNL,UPPCL21
Electricity Bill,UPPCL CTS Prepaid Meter (GENUS),1931
Electricity Bill,UPPCL Deoria-PUVNL,UPPCL22
Electricity Bill,UPPCL Etah-DVVNL,UPPCL23
Electricity Bill,UPPCL Etawah-DVVNL,UPPCL24
Electricity Bill,UPPCL Farrukhabad-DVVNL,UPPCL25
Electricity Bill,UPPCL Fatehpur-PUVNL,UPPCL26
Electricity Bill,UPPCL Firozabad-DVVNL,UPPCL27
Electricity Bill,UPPCL Gautam Buddha Nagar-PVVNL,UPPCL28
Electricity Bill,UPPCL Ghaziabad-PVVNL,UPPCL29
Electricity Bill,UPPCL Ghazipur-PUVNL,UPPCL30
Electricity Bill,UPPCL Gonda-MVVNL,UPPCL31
Electricity Bill,UPPCL Gorakhpur-PUVNL,UPPCL32
Electricity Bill,UPPCL Hamirpur-DVVNL,UPPCL33
Electricity Bill,UPPCL Hapur District-PVVNL,UPPCL34
Electricity Bill,UPPCL Hardoi-MVVNL,UPPCL35
Electricity Bill,UPPCL Hathras-DVVNL,UPPCL36
Electricity Bill,UPPCL Jalaun-DVVNL,UPPCL37
Electricity Bill,UPPCL Jaunpur-PUVNL,UPPCL38
Electricity Bill,UPPCL Jhansi-DVVNL,UPPCL39
Electricity Bill,UPPCL Kannauj-DVVNL,UPPCL40
Electricity Bill,UPPCL Kanpur Dehat-DVVNL,UPPCL41
Electricity Bill,UPPCL Kanpur Nagar-DVVNL,UPPCL42
Electricity Bill,UPPCL Kanpur Nagar-KESCO,UPPCL43
Electricity Bill,UPPCL Kasganj-DVVNL,UPPCL44
Electricity Bill,UPPCL Kaushambi-PUVNL,UPPCL45
Electricity Bill,UPPCL Kushinagar-PUVNL,UPPCL46
Electricity Bill,UPPCL Lakhimpur Kheri-MVVNL,UPPCL47
Electricity Bill,UPPCL Lalitpur-DVVNL,UPPCL48
Electricity Bill,UPPCL Lucknow-MVVNL,UPPCL49
Electricity Bill,UPPCL Maharajganj-PUVNL,UPPCL50
Electricity Bill,UPPCL Mahoba-DVVNL,UPPCL51
Electricity Bill,UPPCL Mainpuri-DVVNL,UPPCL52
Electricity Bill,UPPCL Mathura-DVVNL,UPPCL53
Electricity Bill,UPPCL Mau-PUVNL,UPPCL54
Electricity Bill,UPPCL Meerut-PVVNL,UPPCL55
Electricity Bill,UPPCL Mirzapur-PUVNL,UPPCL56
Electricity Bill,UPPCL Moradabad-PVVNL,UPPCL57
Electricity Bill,UPPCL Muzaffarnagar-PVVNL,UPPCL58
Electricity Bill,UPPCL Pilibhit-MVVNL,UPPCL59
Electricity Bill,UPPCL Pratapgarh-PUVNL,UPPCL60
Electricity Bill,UPPCL PrayagRaj-PUVNL,UPPCL61
Electricity Bill,UPPCL Raebareli-MVVNL,UPPCL62
Electricity Bill,UPPCL Rampur-PVVNL,UPPCL63
Electricity Bill,UPPCL Saharanpur-PVVNL,UPPCL64
Electricity Bill,UPPCL Sambhal-PVVNL,UPPCL65
Electricity Bill,UPPCL Sant Kabir Nagar-PUVNL,UPPCL66
Electricity Bill,UPPCL Sant Ravidas Nagar-Bhadohi-PUVNL,UPPCL67
Electricity Bill,UPPCL Shahjahanpur-MVVNL,UPPCL68
Electricity Bill,UPPCL Shamli-PVVNL,UPPCL69
Electricity Bill,UPPCL Shravasti-MVVNL,UPPCL70
Electricity Bill,UPPCL Siddharthnagar-PUVNL,UPPCL71
Electricity Bill,UPPCL Sitapur-MVVNL,UPPCL72
Electricity Bill,UPPCL Sonbhadra-PUVNL,UPPCL73
Electricity Bill,UPPCL Sultanpur-MVVNL,UPPCL74
Electricity Bill,UPPCL Unnao-MVVNL,UPPCL75
Electricity Bill,UPPCL Varanasi-PUVNL,UPPCL76
Electricity Bill,Uttar Gujarat Vij Company Limited (UGVCL)-Fetch and pay,UGVCL
Electricity Bill,Uttar Haryana Bijli Vitran Nigam (UHBVN),UHBVN
Electricity Bill,Uttarakhand Power Corporation Limited,UPCL
Electricity Bill,Uttarakhand Power Corporation Limited - Smart Prepaid Recharge,1942
Electricity Bill,Vaghani Energy Limited,VEL
Electricity Bill,West Bengal Electricity Prepaid,WBEP
Electricity Bill,West Bengal State Electricity Distribution Company Ltd (WBSEDCL),WBSEDCL
Fastag,Airtel Payments Bank NETC FASTag,APB
Fastag,AU Bank Fastag,294
Fastag,Axis Bank Fastag,294
Fastag,Bajaj Pay FASTag,294
Fastag,Bandhan Bank Fastag,294
Fastag,Bank of Baroda FASTag,BOBFT
Fastag,Bank of Maharashtra FASTag,BOMFT
Fastag,Canara Bank Fastag,CBFT
Fastag,CUB FASTag,CUBFT
Fastag,Equitas FASTag,EBFT
Fastag,Federal Bank FASTag,FBFT
Fastag,HDFC Bank FASTag,HDFCFT
Fastag,ICICI Bank FASTag,ICICIFT
Fastag,IDBI Bank FASTag,IDBIFT
Fastag,IDFC FIRST Bank FASTag,IDFCFT
Fastag,Indian Bank Fastag,INDIANFT
Fastag,Indian Highways Management Company Ltd FASTag,IHMCLFT
Fastag,IndusInd Bank FASTag,IBFT
Fastag,IOB FASTag,IOBFT
Fastag,Jammu and Kashmir Bank FASTag,JKBFT
Fastag,Karnataka Bank FASTag,KBFT
Fastag,Kotak Mahindra Bank FASTag,KMBFT
Fastag,KVB Fastag,KVBFT
Fastag,LivQuik FASTag,LQFT
Fastag,Paul Merchants FASTag,PMFT
Fastag,Punjab National Bank FASTag,PNBLFT
Fastag,Saraswat Bank  FASTag,SBFT
Fastag,South Indian Bank Fastag,SIBFT
Fastag,State Bank of India  NETC FASTag,SBOIFT
Fastag,Transaction Analyst Fastag,TAFT
Fastag,Transcorp Fastag,TILFT
Fastag,UCO Bank FASTag,UCOFT
Fastag,Union Bank of India FASTag,UBOIFT
Fastag,Yes Bank FASTag,YBLFT
Gas,Aavantika Gas Ltd.,221
Gas,Adani Total Gas Limited,126
Gas,AGP CGD India Pvt Ltd,1064
Gas,AGP City Gas Pvt Ltd,1063
Gas,Assam Gas Company Limited,287
Gas,Assam Gas Company Limited (Prepaid),1791
Gas,Bengal Gas Company Limited,1478
Gas,Bhagyanagar Gas Limited,296
Gas,Bharat Petroleum Corporation Limited (PNG),1934
Gas,Central U.P. Gas Limited,226
Gas,Charotar Gas Sahakari Mandali Ltd,212
Gas,GAIL Gas Limited,242
Gas,GAIL India Limited,469
Gas,Goa Natural Gas Private Limited,1270
Gas,Godavari Gas Pvt Ltd,1102
Gas,Green Gas Limited(GGL),266
Gas,Gujarat Gas Limited,66
Gas,Haridwar Natural Gas (HNGPL),1943
Gas,Haryana City Gas Distribution Bhiwadi Ltd,1699
Gas,Haryana City Gas Distribution Limited,166
Gas,Hindustan Petroleum Corporation Ltd-Piped Gas,965
Gas,HP Oil Gas Private Limited,884
Gas,HPR Falcon Gas,1880
Gas,Indian Oil Corporation Ltd-Piped Gas,677
Gas,Indian Oil-Adani Gas Private Limited,231
Gas,Indraprastha Gas,65
Gas,IRM Energy Limited,244
Gas,Mahanagar Gas Limited,38
Gas,Maharashtra Natural Gas Limited (MNGL),202
Gas,Megha Gas,450
Gas,Naveriya Gas Pvt Ltd,382
Gas,Purba Bharati Gas Pvt Ltd,762
Gas,Rajasthan State Gas Limited,818
Gas,Sabarmati Gas Limited (SGL),173
Gas,Think Gas,1479
Gas,Torrent Gas,1126
Gas,Tripura Natural Gas,176
Gas,Unique Central Piped Gases Pvt Ltd (UCPGPL),195
Gas,Vadodara Gas Limited,196
Insurance,Acko General Insurance Health,1103
Insurance,Acko General Insurance Motor,1107
Insurance,Aditya Birla Health Insurance Co Limited,537
Insurance,Aditya Birla Sun Life Insurance,47
Insurance,Ageas Federal Life Insurance Company Limited,201
Insurance,Agriculture Insurance Company of India Ltd,1495
Insurance,Aviva Life Insurance,255
Insurance,Axis Max Life Insurance Co Ltd.,239
Insurance,Bajaj Finance Ltd - Corporate agent,1121
Insurance,Bajaj General Insurance Limited (BGIL),323
Insurance,Bandhan Life Insurance,272
Insurance,BHARTI AXA Life Insurance,111
Insurance,Canara HSBC Life Insurance Ltd,186
Insurance,Care Health Insurance,306
Insurance,Cholamandalam MS (PREMIUM COLLECTIONS) General Insurance Co. Ltd.,1798
Insurance,Cholamandalam MS General Insurance Co Ltd,1425
Insurance,CreditAccess Life Insurance Limited,1457
Insurance,Edelweiss Tokio Life Insurance Company Limited,792
Insurance,Future Generali India Insurance Co ltd-General Insurance,1124
Insurance,Go digit Life Insurance Ltd,1456
Insurance,HDFC ERGO General Insurance (Motor),1074
Insurance,HDFC Ergo General Insurance Company (Health),1332
Insurance,HDFC Life Insurance,285
Insurance,HDFC Life Insurance (for Former Exide Life Customers only),248
Insurance,ICICI Lombard General Insurance (Health),730
Insurance,ICICI Lombard General Insurance (Motor),577
Insurance,ICICI Prudential Life Insurance First Premium,1576
Insurance,ICICI Prudential Life Insurance Renewal,37
Insurance,Iffco Tokio General Insurance Company Limited,590
Insurance,IndiaFirst Life Insurance Company Ltd,238
Insurance,Kotak Life Insurance Company Limited,492
Insurance,Kotak Mahindra General Insurance Company Limited,1496
Insurance,Liberty General Insurance Limited,1486
Insurance,Liberty General Insurance Limited - Health,1779
Insurance,Magma HDI - Health Insurance,465
Insurance,Magma HDI - Motor Insurance,467
Insurance,Magma HDI - Non Motor Insurance,466
Insurance,ManipalCigna Health Insurance,678
Insurance,Niva Bupa Health Insurance Company Limited,417
Insurance,Pnb Metlife India Insurance Company Ltd,1119
Insurance,Pramerica Life Insurance Limited,315
Insurance,Reliance General Insurance Company Limited,405
Insurance,Reliance General Insurance Company Limited (Health),632
Insurance,Royal Sundaram General Insurance Co. Limited,468
Insurance,Sbi General Health Insurance,1114
Insurance,SBI Life Insurance Company Limited,134
Insurance,Shriram General Insurance,418
Insurance,Shriram Life Insurance - Quote Payment,1185
Insurance,Shriram Life Insurance Co. Ltd.,394
Insurance,Star Health And Allied Insurance Company,693
Insurance,Star Union Dai Ichi Life Insurance,363
Insurance,TATA AIA Life Insurance,42
Insurance,TATA AIG General Insurance co. Ltd - Group,1868
Insurance,TATA AIG General Insurance co. Ltd Retail,985
Insurance,United India Insurance - Agent Collection,1099
Insurance,United India Insurance Company Limited,1009
Insurance,Universal Sompo General Insurance Co Limited Motor,1242
Landline Postpaid,Airtel Landline (Fetch and Pay),214
Landline Postpaid,BSNL Landline - Corporate,191
Landline Postpaid,BSNL Landline - Individual,131
Landline Postpaid,MTNL Delhi,40
Landline Postpaid,MTNL Mumbai,133
Landline Postpaid,MTNL Mumbai Lease Circuit,841
Loan Repayment,121 Finance Private Limited,1104
Loan Repayment,Aadhar Housing Finance Limited,568
Loan Repayment,AAVAS FINANCIERS LIMITED,317
Loan Repayment,AceN Navadhan,1912
Loan Repayment,Achiievers Finance Personal Loan,1346
Loan Repayment,Adi Chitragupta Finance Limited,1924
Loan Repayment,Aditya Birla Capital Limited,209
Loan Repayment,Aditya Birla Financial Services,209
Loan Repayment,Aditya Birla Housing Finance Limited,307
Loan Repayment,Agora Microfinance India Ltd - AMIL,491
Loan Repayment,Agriwise Finserv Limited,811
Loan Repayment,Aham Housing Finance Private Limited,1243
Loan Repayment,Altum Credo Home Finance,442
Loan Repayment,Amarpadma Credits Pvt Ltd,1152
Loan Repayment,Ambit Finvest Pvt Ltd,847
Loan Repayment,Amrit Malwa Capital Limited,776
Loan Repayment,AMU Leasing Pvt Ltd,1466
Loan Repayment,Ankur Trade Links Pvt Ltd,1605
Loan Repayment,Annapurna Finance Private Limited-MFI,553
Loan Repayment,Annapurna Finance Private Limited-MSME,424
Loan Repayment,Anscor Capital And Investment Pvt Ltd,1308
Loan Repayment,Apaarseva Foundation,1878
Loan Repayment,APAC Financial Services Pvt Ltd,661
Loan Repayment,Aptus Finance India Private Limited,530
Loan Repayment,Aptus Value Housing Finance India Limited,529
Loan Repayment,Aris Capital Pvt Limited,976
Loan Repayment,Arman Financial Services Limited,1085
Loan Repayment,Arohan Financial Services Ltd,387
Loan Repayment,ART Housing Finance (India) Limited,1190
Loan Repayment,ARTH,793
Loan Repayment,Arthan Finance Pvt Ltd,1503
Loan Repayment,Arthmate Financing India Private Limited,1153
Loan Repayment,ASA International India Microfinance Limited,1712
Loan Repayment,Ascend Capital,457
Loan Repayment,Ashv Finance,742
Loan Repayment,Asirvad Micro Finance Ltd,593
Loan Repayment,AU Bank Loan Repayment,385
Loan Repayment,Auxilo Finserve Private Limited,1838
Loan Repayment,Avanse Financial Services Ltd,420
Loan Repayment,Avanti Finance Private Limited,1089
Loan Repayment,Axis Bank Limited - Retail Loan,554
Loan Repayment,Axis Bank Limited-Digital Loan,1125
Loan Repayment,Axis Bank Limited-Microfinance,501
Loan Repayment,Axis Bank Ltd - MCA,1078
Loan Repayment,Axis Finance Limited,377
Loan Repayment,Ayaan Finserve India Private LTD,561
Loan Repayment,Aye Finance Pvt. Ltd.,625
Loan Repayment,Babasaheb Deshmukh Sahakari Bank Limited Atpadi,1244
Loan Repayment,Baid Finserv Limited,421
Loan Repayment,Bajaj Auto Credit Limited,1401
Loan Repayment,Bajaj Finance,388
Loan Repayment,Bajaj Finance Ltd,1378
Loan Repayment,Bajaj Housing Finance Limited,570
Loan Repayment,Bandhan Bank Loan,1839
Loan Repayment,Bazaari Finance,1250
Loan Repayment,Behariji Dealers Pvt Ltd,1854
Loan Repayment,Belstar Microfinance Limited,586
Loan Repayment,BERAR Finance Limited,419
Loan Repayment,Beryl Securities,1758
Loan Repayment,Best Capital Services Ltd,1814
Loan Repayment,Bhala Finance Private Limited,1607
Loan Repayment,Bharat Financial Inclusion Ltd,494
Loan Repayment,Bhgala Livelihood Finserv Limited,1333
Loan Repayment,Bike Bazaar,1189
Loan Repayment,Bizloan Private Limited,1873
Loan Repayment,Blackbuck Finserve,1418
Loan Repayment,Boundparivar Loan,1256
Loan Repayment,BSS Microfinance Limited,1774
Loan Repayment,BWDA Finance Ltd,1187
Loan Repayment,Can Fin Homes Ltd,1642
Loan Repayment,Capital India Finance Limited,1510
Loan Repayment,Capital India Home Loans Limited,780
Loan Repayment,Capital Trust Limited,1013
Loan Repayment,Capri global Capital Limited (Gold Loan),327
Loan Repayment,Capri Global Capital Limited (MSME Loan),1492
Loan Repayment,Capri Global Capital Limited (Solar Loan),1650
Loan Repayment,Capri Global Housing Finance,344
Loan Repayment,Cars24 Financial Services Private Limited,379
Loan Repayment,CASHe,898
Loan Repayment,Cashtree Finance,1022
Loan Repayment,CDL Financial Services Private Limited,1828
Loan Repayment,Chaitanya India Fin Credit Pvt Ltd,447
Loan Repayment,Choice Finserv Pvt Ltd,1481
Loan Repayment,Cholamandalam Investment and Finance Company Limited,697
Loan Repayment,CKM MFS Foundation,1831
Loan Repayment,Clix,321
Loan Repayment,CNH Industrial Capital Pvt. Ltd.,680
Loan Repayment,Credila Financial Services,1905
Loan Repayment,Credit One Payments Solutions Pvt Ltd,760
Loan Repayment,Credit Saison,839
Loan Repayment,Credit Wise Capital,445
Loan Repayment,CreditAccess Grameen - Retail Finance,481
Loan Repayment,Criss Financial Limited,626
Loan Repayment,CSL Finance,1272
Loan Repayment,Dadhich Finserv PVt Ltd,1209
Loan Repayment,DCB Bank Loan Repayment,462
Loan Repayment,DCBS Loan,645
Loan Repayment,Deccan Finance Limited,721
Loan Repayment,Del Capital Private Limited,1324
Loan Repayment,Dev Finance,681
Loan Repayment,Dhanmax Finance Private Limited,1310
Loan Repayment,Dhara Motor Finance Ltd,1736
Loan Repayment,Digamber Capfin Limited,448
Loan Repayment,Diwakar Tracom Private Limited,614
Loan Repayment,DMI Finance Private Limited,233
Loan Repayment,DMI Housing Finance Pvt. Ltd.,1575
Loan Repayment,Dvara Kshetriya Gramin Financials Services Private Limited,510
Loan Repayment,Easy Home Finance Limited,376
Loan Repayment,EDC Limited,919
Loan Repayment,Eduvanz Financing Pvt. Ltd.,463
Loan Repayment,Electronica Finance Limited,652
Loan Repayment,Emerald Finance,1282
Loan Repayment,Epimoney Private Limited,1744
Loan Repayment,Equitas SFB - Microfinance Loan,575
Loan Repayment,Equitas Small Finance Bank - Retail Loan,627
Loan Repayment,ESAF Small Finance Bank (Micro Loans),541
Loan Repayment,ESAF Small Finance Bank (Retails Loans),777
Loan Repayment,Ezfinanz,720
Loan Repayment,Faircent-Borrower EMI Account,325
Loan Repayment,Federal Bank Loan Repayment,1609
Loan Repayment,Feemonk,1321
Loan Repayment,Fexprime Finance (P) Ltd (Formerly Bussan Auto Finance),671
Loan Repayment,Fin Coopers Capital Private Limited,1721
Loan Repayment,Finazone Micro Services Foundation,1643
Loan Repayment,Fincare Small Finance Bank,430
Loan Repayment,Finnable,1286
Loan Repayment,Finova Capital Private Ltd,649
Loan Repayment,Five Star Business Finance,820
Loan Repayment,FlexiLoans,444
Loan Repayment,Flexsalary,297
Loan Repayment,Flipkart Finance Private Limited,1900
Loan Repayment,Fusion Finance Ltd MFI,1665
Loan Repayment,Fusion Finance Ltd-MSME,1458
Loan Repayment,G U Financial Services Pvt Ltd,557
Loan Repayment,Gajara Micro Finance Private Limited,1840
Loan Repayment,GEV Focus Capital Private Limited,1936
Loan Repayment,Girnar Capital (Formerly Khemlani Finance),1327
Loan Repayment,Grameen Koota Microfinance (CreditAccess Grameen Ltd),480
Loan Repayment,Grihum Housing Finance Limited,1163
Loan Repayment,GrowXCD Finance Private Limited,1759
Loan Repayment,HDB Financial Services Limited,527
Loan Repayment,HDFC Bank Retail Assets,1670
Loan Repayment,Hedge Finance Ltd,1025
Loan Repayment,Hero FinCorp Limited,267
Loan Repayment,Hero Housing Finance Ltd,903
Loan Repayment,Hindon Mercantile Limited - Mufin,615
Loan Repayment,Hinduja Housing Finance Limited,806
Loan Repayment,Hinduja Leyland Finance,871
Loan Repayment,Hiranandani Financial Services Pvt Ltd,471
Loan Repayment,HMT Finance Pvt Ltd,1563
Loan Repayment,Home Credit India Finance Pvt. Ltd,425
Loan Repayment,Home First Finance Company India Limited,472
Loan Repayment,i2i Funding-Borrower EMI Repayment,326
Loan Repayment,ICICI BANK - Interest Repayment Loans,667
Loan Repayment,ICICI Bank Ltd - Loans,406
Loan Repayment,ICICI Home Finance,1869
Loan Repayment,IDF Financial Services Private Limited,569
Loan Repayment,IDFC FIRST Bank Ltd,261
Loan Repayment,IFFCO Kisan Finance Limited,1287
Loan Repayment,IFL Finance Ltd Gold Loan,1233
Loan Repayment,IFL Finance Ltd Home Loan,1234
Loan Repayment,IIFL Finance Limited,475
Loan Repayment,IIFL Home Finance,476
Loan Repayment,IIFL Samasta Finance Ltd - Microfinance Loans,521
Loan Repayment,IIFL Samasta Finance Ltd - Retail Loans,807
Loan Repayment,IKF Finance Ltd,1764
Loan Repayment,Indel Money Limited,1509
Loan Repayment,Indi Rupee,1925
Loan Repayment,India Home Loan Limited,461
Loan Repayment,India Shelter Finance Corporation Limited,426
Loan Repayment,Indiabulls Commercial Credit Ltd,526
Loan Repayment,Indian Bank Loan EMI,1298
Loan Repayment,Inditrade Microfinance Limited,1745
Loan Repayment,Indostar Capital Finance Limited - CV,576
Loan Repayment,Indostar Capital Finance Limited - SME,631
Loan Repayment,INDUSIND BANK - CFD,443
Loan Repayment,Infinity Fincorp Solutions Pvt Ltd,1265
Loan Repayment,InPrime Finserv,1901
Loan Repayment,IREP Credit Capital Private Limited,1821
Loan Repayment,ITI Credit Limited Erstwhile Fortune Credit Capital Limited,679
Loan Repayment,ITI Finance Limited,771
Loan Repayment,ITI Gold,1927
Loan Repayment,ITI Housing Finance Limited,1097
Loan Repayment,Jagobangla Micro Service Foundation,1832
Loan Repayment,Jain Autofin,378
Loan Repayment,Jain Motor Finmart,493
Loan Repayment,Jamnalal Parekh Finance Private Limited,1946
Loan Repayment,Jana Small Finance Bank,390
Loan Repayment,Janakalyan Financial Services Private Limited,488
Loan Repayment,Janasha Finance,1799
Loan Repayment,Jassi Hire Purchase Limited,1714
Loan Repayment,Jeevan Dhara,1283
Loan Repayment,JM Financial Home Loans Ltd.,1485
Loan Repayment,John Deere Financial India Private Limited,512
Loan Repayment,Kaabil Finance Private Limited,1760
Loan Repayment,Kallada General Finance Private Limited,1751
Loan Repayment,Kamal Autofinance Pvt Ltd,1483
Loan Repayment,Kamal Finserve Private Limited,1577
Loan Repayment,Kanakadurga Finance Limited - Gold Loans,692
Loan Repayment,Kanakadurga Finance Limited - Vehicle Loans,427
Loan Repayment,Kannattu Finance Nidhi Ltd,1198
Loan Repayment,Kannattu Fingold Finance Pvt Ltd,1199
Loan Repayment,Karnataka Grameena Bank,1815
Loan Repayment,Karnataka Vikas Grameena Bank Loan Repayment,1722
Loan Repayment,Karpagam Hire Purchase And Finance Pvt Ltd,936
Loan Repayment,Keertana Finserv Private Limited,1096
Loan Repayment,Kerala Gramin Bank,1808
Loan Repayment,Keshaw Microfinance,1434
Loan Repayment,Khush Housing Finance Pvt Ltd,482
Loan Repayment,Khushbu Auto Finance Limited,1855
Loan Repayment,KIFS Housing Finance Ltd,945
Loan Repayment,Kinara Capital,407
Loan Repayment,Kissht,393
Loan Repayment,KLM Axiva Finvest Limited,1426
Loan Repayment,Kogta Financial India Limited,848
Loan Repayment,Konark Commercial Ltd,1845
Loan Repayment,Kosamattam Finance Ltd,1370
Loan Repayment,Kotak Mahindra Bank Ltd.-Loans,520
Loan Repayment,Kotak Mahindra Prime Limited,507
Loan Repayment,Kps Micro Services Foundation,1419
Loan Repayment,KREDITBEE,641
Loan Repayment,Kusalava Finance Limited,761
Loan Repayment,L and T Finance Limited,299
Loan Repayment,Laxmi India Finance Limited,921
Loan Repayment,Lendingkart Finance Limited,1349
Loan Repayment,Light Microfinance Private Limited,474
Loan Repayment,Livfin India Private Limited,1881
Loan Repayment,Loan2Wheels,617
Loan Repayment,LOANTAP CREDIT PRODUCTS PRIVATE LIMITED,391
Loan Repayment,Loanzen Finance Pvt Ltd,938
Loan Repayment,Loksuvidha,300
Loan Repayment,Lord Krishna Financial Services Limited,744
Loan Repayment,Mahaveer Finance India Limited,497
Loan Repayment,Mahindra and Mahindra Financial Services Limited,508
Loan Repayment,Mahindra Finance Consumer Loans,893
Loan Repayment,Mahindra Home Finance,428
Loan Repayment,Maitreya Capital and Business Services Private Limited,1017
Loan Repayment,Manappuram Asset Finance Ltd Micro Finance,1723
Loan Repayment,Manappuram Asset Finance Ltd Mortgage Loan,1725
Loan Repayment,Manappuram Asset Finance Ltd Two wheeler Loan,1724
Loan Repayment,Manappuram Asset Finance Ltd Vehicle Loan,1726
Loan Repayment,Manappuram Finance Limited,699
Loan Repayment,Manappuram Finance Limited-Vehicle Loan,331
Loan Repayment,Manappuram Home Finance Ltd,862
Loan Repayment,Manba Finance Ltd,1651
Loan Repayment,Mangal Credit and Fincorp Limited,1039
Loan Repayment,Mangal Vehicle Finance Pvt Ltd,1599
Loan Repayment,Mangala Infin Ltd,1692
Loan Repayment,MAS Financial Services Limited,1218
Loan Repayment,Mas Rural Housing and Mortgage Finance Ltd,1580
Loan Repayment,Mascot Projects Private Limited,1890
Loan Repayment,Maxvalue Credits And Investments Ltd,440
Loan Repayment,MDFC Financiers Pvt Ltd,594
Loan Repayment,Megha Holdings Pvt Ltd,1251
Loan Repayment,Mentor Home Loans India Limited,1683
Loan Repayment,Mere Apne Micro Finance,1284
Loan Repayment,Mere Apne Nidhi,1288
Loan Repayment,Metrocity Finance Pvt Ltd,1403
Loan Repayment,MGC Finance Private Limited,1916
Loan Repayment,MGM Financiers,1226
Loan Repayment,Midland Microfin Ltd,449
Loan Repayment,Mitrata Inclusive Financial Services Ltd,1784
Loan Repayment,Mitron Capital,531
Loan Repayment,Monedo Financial Services Pvt Ltd,764
Loan Repayment,Moneyboxx Finance Limited,1208
Loan Repayment,Moneyplus Financial Services Limited,1561
Loan Repayment,Motilal Oswal Home Finance,301
Loan Repayment,MPee Finance Pvt Ltd,1882
Loan Repayment,MS Fincap Pvt Ltd,1311
Loan Repayment,Mufin Green Finance Limited,1652
Loan Repayment,Muthoot BL SME,1462
Loan Repayment,Muthoot Capital Services Ltd,560
Loan Repayment,Muthoot Finance,511
Loan Repayment,Muthoot Finance InstaPL,1716
Loan Repayment,Muthoot Finance-Personal Loan,682
Loan Repayment,Muthoot Fincorp Ltd,489
Loan Repayment,Muthoot Homefin Limited,653
Loan Repayment,Muthoot Housing Finance Company Limited,534
Loan Repayment,Muthoot Microfin Limited,374
Loan Repayment,Muthoot Money,618
Loan Repayment,Muthoot Money - Gold Loan,772
Loan Repayment,Muthoot Vehicle And Asset Finance Limited,860
Loan Repayment,Muthoot Vehicle And Asset Finance Limited Gold Loan,1116
Loan Repayment,Muthoottu Mini EMI,1947
Loan Repayment,Muthoottu Mini Non-EMI,1948
Loan Repayment,MyShubhLife,663
Loan Repayment,NABFINS,662
Loan Repayment,Namdev Finvest Pvt Ltd,998
Loan Repayment,Namra Finance Ltd,1075
Loan Repayment,Navachetana Microfin Services Pvt Ltd,1816
Loan Repayment,Navadhan Capital,1769
Loan Repayment,Navi Loans,1162
Loan Repayment,NeoGrowth Credit Private Limited,1883
Loan Repayment,Netafim Agricultural Financing Agency Pvt. Ltd.,518
Loan Repayment,Nidhilakshmi Finance,458
Loan Repayment,Nissan Renault Financial services India Private Limited,1817
Loan Repayment,NM Finance,459
Loan Repayment,Novelty Finance Ltd,528
Loan Repayment,OHMYLOAN,422
Loan Repayment,Oracle Marketing Pvt Ltd,1907
Loan Repayment,Orange Retail Finance India Pvt Ltd,499
Loan Repayment,Oroboro,460
Loan Repayment,Oxyzo Financial Services Pvt Ltd,383
Loan Repayment,Pahal Finance Individual Loan / Vehicle Loan,1055
Loan Repayment,Pahal Financial Services Pvt Ltd,592
Loan Repayment,Paisabuddy Finance Pvt Ltd,872
Loan Repayment,Paisalo Digital Limited,1589
Loan Repayment,Perfect Capital Services Ltd,1604
Loan Repayment,Perfect Finsec Pvt. Ltd.,1459
Loan Repayment,Pink City Fincap Pvt Ltd,1569
Loan Repayment,Piramal Finance Limited,941
Loan Repayment,PKF Finance Limited,1917
Loan Repayment,Pooja Finstock International Limited,1929
Loan Repayment,Poonawalla Fincorp Ltd,809
Loan Repayment,Prayas Financial Services Private Limited,1570
Loan Repayment,Protium,698
Loan Repayment,Punjab National Bank,740
Loan Repayment,R.Sen and Company Investment and Finance Pvt. Ltd.,707
Loan Repayment,Rahimatpur Sahakari Bank Ltd,1141
Loan Repayment,Rajasthan Mahila Nidhi,1154
Loan Repayment,Ramaiah Capital Pvt Ltd,794
Loan Repayment,Rander Peoples Co Operative Bank Ltd,545
Loan Repayment,RBA Finance Pvt Ltd,1473
Loan Repayment,RBL Bank Microfinance,1841
Loan Repayment,Reliance ARC,646
Loan Repayment,Reliant Credits India Limited,1227
Loan Repayment,Repco Micro Finance,1671
Loan Repayment,Revfin Capital,1309
Loan Repayment,Richline Finance Ltd,1594
Loan Repayment,Richmax Finvest Private Limited,1875
Loan Repayment,Ritwik Finance Enterprises Pvt Ltd,1795
Loan Repayment,RMK Fincorp Pvt Ltd,579
Loan Repayment,Royal Rao Balaji Micro Finance Foundation,1735
Loan Repayment,RupeeRedee,398
Loan Repayment,Rupitol Finance Pvt Ltd,1375
Loan Repayment,S V Creditline Limited,1600
Loan Repayment,Sabharwal Finance And Estates Private Limited,1918
Loan Repayment,Sakthi Finance Ltd,1350
Loan Repayment,Samavesh Finserve Private Limited,1672
Loan Repayment,Sammaan Capital Limited,318
Loan Repayment,Sammaan Finserve Limited,1949
Loan Repayment,Sampournasamuh M F,1351
Loan Repayment,Samraddh Bestwin Micro Finance Association,1684
Loan Repayment,Samrat Motor Finance Ltd,927
Loan Repayment,Samunnati,1945
Loan Repayment,Saraswat Bank - Loan Repayment,827
Loan Repayment,Sarva Haryana Gramin Bank,1770
Loan Repayment,Sarvagram Fincare Pvt Ltd.,1835
Loan Repayment,Sarvjan India Fintech Private Limited,562
Loan Repayment,Sathiindia Micro Service Foundation,1864
Loan Repayment,Satin Creditcare Network Limited,1787
Loan Repayment,Satin Housing Finance Ltd,1891
Loan Repayment,Satya MicroCapital Ltd,930
Loan Repayment,Save Microfinance Private Limited,1463
Loan Repayment,SBFC Finance Limited,808
Loan Repayment,Seeds Fincap Private Limited,1792
Loan Repayment,Setia Auto Finance Pvt Ltd,861
Loan Repayment,Sewa Grih Rin Limited,1065
Loan Repayment,SG Royal Capital Pvt Ltd,1564
Loan Repayment,Shalibhadra Finance Limited,984
Loan Repayment,Share India Fincap Pvt Ltd,1008
Loan Repayment,Shine Blue Hire Purchase Ltd.,683
Loan Repayment,Shivalik Small Finance Bank Ltd,1595
Loan Repayment,Shivaya Capital Private Limited,1659
Loan Repayment,Shri Ram Finance Corporation Pvt Ltd,1371
Loan Repayment,Shriram Finance Ltd.,375
Loan Repayment,Shubham Housing Development Finance Company Ltd,635
Loan Repayment,Shyamdhani Micro Association,1800
Loan Repayment,Singhi Finance Private Limited,1694
Loan Repayment,Singularity Creditworld Private Limited,1303
Loan Repayment,SM Square Credit Services Private Limited,1505
Loan Repayment,Smart Credit India Finance Limited,1801
Loan Repayment,SMEcorner,516
Loan Repayment,SMFG India Credit Company Limited,556
Loan Repayment,SMFG India Home Finance Company Limited,555
Loan Repayment,Snapmint Financial Services Pvt Ltd,303
Loan Repayment,Sonata Finance,810
Loan Repayment,Spandana Sphoorty Financial Ltd,628
Loan Repayment,Speel Finance Company Private Limited (Pocketly),1090
Loan Repayment,Spinny Capital Private Limited,1859
Loan Repayment,Srei Infrastructure Finance Ltd,1829
Loan Repayment,SRG Fincap Pvt Ltd,1565
Loan Repayment,SRG Housing Finance Limited,1646
Loan Repayment,SRNG Finance Pvt Ltd,1818
Loan Repayment,StashFin,495
Loan Repayment,State Bank of India(SBI) - Loans,1930
Loan Repayment,Status Leasing and Finance Ltd,1794
Loan Repayment,STREE NIDHI - TELANGANA,691
Loan Repayment,StuCred,1585
Loan Repayment,Subhlakshmi Finance Pvt. Ltd,1506
Loan Repayment,Sundaram Finance Limited,1695
Loan Repayment,Suneet Finman Private Limited,1320
Loan Repayment,Supra Pacific Financial Services Ltd,1238
Loan Repayment,Suryoday Small Finance Bank,655
Loan Repayment,Svakarma Finance Private Limited,1732
Loan Repayment,Svatantra Micro Housing Finance Corporation Limited,1472
Loan Repayment,Svatantra Microfin Private Limited,441
Loan Repayment,Swadha Finlease,1669
Loan Repayment,Swara Fincare Limited,773
Loan Repayment,Tangent Profin Private Limted,1746
Loan Repayment,Tata Capital Housing Finance Limited,515
Loan Repayment,Tata Capital Limited,304
Loan Repayment,Tata Motors Finance Limited,587
Loan Repayment,Tatkal Loan India Private Limited,1776
Loan Repayment,Techfino Capital Pvt Ltd,1635
Loan Repayment,Thangam Capital Private Limited,1903
Loan Repayment,The Kurla Nagarik Sahakari Bank Ltd,986
Loan Repayment,Three65 Financial Services Pvt Ltd,1566
Loan Repayment,Tiffany Finance Private Limited,1299
Loan Repayment,Toyota Financial Services,384
Loan Repayment,Transwarranty Finance Limited,1590
Loan Repayment,Treedha Finance Private Limited,1450
Loan Repayment,Truhome Finance Ltd. formerly Shriram Housing Finance Ltd.,392
Loan Repayment,TS Cheema Finance Private Limited,1897
Loan Repayment,TVS Credit,479
Loan Repayment,Tyger Capital Private Limited,431
Loan Repayment,Tyger Home Finance Private Limited,487
Loan Repayment,UCO Bank Loan,1494
Loan Repayment,UGRO Capital Limited,708
Loan Repayment,Ujala Micro Finance,1777
Loan Repayment,Ujjivan Small Finance Bank,473
Loan Repayment,Ummeed Housing Finance Pvt Ltd,1188
Loan Repayment,Unico Housing Finance Private Limited,1910
Loan Repayment,Unigold Finance Limited,1271
Loan Repayment,Unimoni Financial Services Ltd,964
Loan Repayment,Union Bank of India-Loans,819
Loan Repayment,Unity Small Finance Bank Limited,743
Loan Repayment,Unnayan Bharat Finance Corporation Private Limited,782
Loan Repayment,Upkaar Micro Finance,1417
Loan Repayment,Urban Living Finance India Limited,1830
Loan Repayment,Utkarsh Bank Loan Repayment,987
Loan Repayment,Vandnam Care Foundation,1911
Loan Repayment,Varashakti Housing Finance Private Limited,1822
Loan Repayment,Varthana,322
Loan Repayment,Vastu Finserve India Private Limited,745
Loan Repayment,Vastu Housing Finance Corporation Limited,362
Loan Repayment,Vector Finance Private Limited,1932
Loan Repayment,Velicham Finance,1449
Loan Repayment,Veritas Finance,972
Loan Repayment,VFS Capital Limited,992
Loan Repayment,VFS Capital Ltd - MSME Loans,1376
Loan Repayment,Vinayaka Capsec Pvt Ltd,1511
Loan Repayment,Visionfund India Private Limited,1228
Loan Repayment,Vistaar Financial services Private Limited,500
Loan Repayment,We Pay Finance Pvt Ltd,711
Loan Repayment,Wonder Home Finance Limited,910
Loan Repayment,Yes Bank Ltd - Loan Payment,890
Loan Repayment,Yogakshemam Loans Ltd,542
Loan Repayment,Yuwan Financiers Private Limited,1762
Loan Repayment,Zeal Holdings,1935
Loan Repayment,ZestMoney,389
Loan Repayment,Ziploan,574
Loan Repayment,Zoho Finance Private Limited,1944
LPG Gas,Bharat Gas (BPCL),BPCLGC
LPG Gas,Bharat Gas (BPCL) - Commercial,BPCLCGC
LPG Gas,HP Gas (HPCL),HPCLGC
LPG Gas,Indane Gas (Indian Oil),IOCLGC
Mobile Recharge,Airtel,A
Mobile Recharge,BSNL STV,BR
Mobile Recharge,BSNL TOPUP,BT
Mobile Recharge,Jio,RC
Mobile Recharge,Jio Prepaid Live,JIOL
Mobile Recharge,Vi Prepaid Live,VIL
Mobile Recharge,Vodafone Idea,V
Municipal Taxes,Agartala Municipal Corporation,1191
Municipal Taxes,Ahmedabad Municipal Corporation,373
Municipal Taxes,Ajmer Nagar Nigam,798
Municipal Taxes,Bhiwandi Nizampur City Municipal Corporation,1892
Municipal Taxes,Bhubaneswar Municipal Corporation,1752
Municipal Taxes,Bicholim Municipal council,607
Municipal Taxes,Bicholim Municipal council Trade License,1352
Municipal Taxes,Canacona Municipal council,610
Municipal Taxes,Canacona Municipal Council Trade License,1353
Municipal Taxes,Chhatrapati Sambhajinagar Municipal Corporation,1785
Municipal Taxes,Commissioner and Director of Municipal Administration Hyderabad Telangana,931
Municipal Taxes,Corporation of City Panaji,598
Municipal Taxes,Corporation of City Panaji Trade License,1354
Municipal Taxes,Cuncolim Municipal council,611
Municipal Taxes,Cuncolim Municipal Council Trade License,1355
Municipal Taxes,Curchorem Cacora Municipal council,608
Municipal Taxes,Curchorem Cacora Municipal Council Trade License,1356
Municipal Taxes,Davangere Citi Municipal Corporation,1408
Municipal Taxes,Dewas Municipal Corporation,1245
Municipal Taxes,Directorate of Municipal Administration Karnataka,709
Municipal Taxes,Gorakhpur Nagar Nigam,1833
Municipal Taxes,Gram Panchayat Dhamner,1056
Municipal Taxes,Gram Panchayat Tantithaya,1874
Municipal Taxes,GRAM PANCHAYAT WANGI,1072
Municipal Taxes,Gramin Nalpani Yojana Grampanchayat Shiye,1258
Municipal Taxes,Grampanchayat Aitawade Khurd,1405
Municipal Taxes,Grampanchayat Ambegaon,1042
Municipal Taxes,Grampanchayat Halondi Gram Nidhi,952
Municipal Taxes,Grampanchayat Hingangaon Budruk,1043
Municipal Taxes,Grampanchayat Kheradewangi,1041
Municipal Taxes,GRAMPANCHAYAT NEVARI,1040
Municipal Taxes,Grampanchayat Ujalaiwadi (Property Tax),1898
Municipal Taxes,Greater Chennai Corporation,538
Municipal Taxes,Greater Hyderabad Municipal Corporation,863
Municipal Taxes,Gulbarga City Corporation,630
Municipal Taxes,Hubli-Dharwad Municipal Corporation,563
Municipal Taxes,Jejuri Nagarparishad,700
Municipal Taxes,Kolhapur Municipal corporation- Property tax,719
Municipal Taxes,Kolkata Municipal Corporation,885
Municipal Taxes,Kolkata Municipal Corporation - Market Regular Demand,1174
Municipal Taxes,Kolkata Municipal Corporation-Trade license,1312
Municipal Taxes,Lucknow Nagar Nigam,1404
Municipal Taxes,Madhya Pradesh Urban (e-Nagarpalika) - Property Tax,371
Municipal Taxes,Mangalore Municipal Corporation,1379
Municipal Taxes,Margao Municipal Council,599
Municipal Taxes,Margao Municipal Council Trade License,1357
Municipal Taxes,MCGM Property Tax,672
Municipal Taxes,Mhapsa Municipal Council,600
Municipal Taxes,Mhapsa Municipal Council Trade License,1358
Municipal Taxes,Minicipal Corporation - Meerut,547
Municipal Taxes,Mira Bhayander Municipal Corporation,710
Municipal Taxes,Mormugao Municipal Council,601
Municipal Taxes,Mormugao Municipal Council Trade License,1359
Municipal Taxes,Municipal Corporation Bhopal,826
Municipal Taxes,Municipal Corporation Of Delhi,1771
Municipal Taxes,Municipal Corporation Of The City Of Chandrapur,966
Municipal Taxes,Municipal Corporation Rohtak,573
Municipal Taxes,Municipal Corporation Shimla,622
Municipal Taxes,Nagar Nigam Agra,546
Municipal Taxes,Nagar Nigam Aligarh - Municipal Taxes,498
Municipal Taxes,Nagar Nigam Firozabad,1488
Municipal Taxes,Nagar Nigam Jhansi,1601
Municipal Taxes,Nagar Nigam Mathura-Vrindavan,612
Municipal Taxes,Nagar Nigam Saharanpur,1673
Municipal Taxes,Nagar Palika Jaitaran,960
Municipal Taxes,Nagar Palika Palia Kalan,684
Municipal Taxes,Nagar Palika Parishad - Sitapur,731
Municipal Taxes,Nagar Palika Parishad Lalitpur,548
Municipal Taxes,Nagar Palika Parishad Muzaffarnagar,1006
Municipal Taxes,Nagar Parishad Beawar,1313
Municipal Taxes,Nagar Parishad Yavatmal,1477
Municipal Taxes,Navi Mumbai Municipal Corporation Property Tax,1763
Municipal Taxes,Odisha Municipal Payments Property Tax,1289
Municipal Taxes,Pachgaon Grampanchayat,1300
Municipal Taxes,Patna Municipal Corporation,1142
Municipal Taxes,Pernem Municipal council,604
Municipal Taxes,Pernem Municipal council Trade License,1360
Municipal Taxes,Pimpri Chinchwad Municipal Corporation (PCMC),947
Municipal Taxes,Ponda Municipal Council,602
Municipal Taxes,Ponda Municipal Council Trade License,1361
Municipal Taxes,Port Blair Municipal Council,439
Municipal Taxes,Prayagraj Nagar Nigam,416
Municipal Taxes,Puducherry UT (Local Bodies) -Property Tax,597
Municipal Taxes,Pune Municipal Corporation - Property Tax,1711
Municipal Taxes,Quepem Municipal council,606
Municipal Taxes,Quepem Municipal council Trade License,1362
Municipal Taxes,Raha Municipal Corporation,1066
Municipal Taxes,Raipur Municipal Corporation,746
Municipal Taxes,Rajkot Municipal Corporation,567
Municipal Taxes,RDPR - KARNATAKA - BAPUJI SEVA KENDRA,1000
Municipal Taxes,Revenue Mizoram,1192
Municipal Taxes,Sangli Miraj Kupwad Corporation,1937
Municipal Taxes,Sanguem Municipal council,609
Municipal Taxes,Sanguem Municipal Council Trade License,1363
Municipal Taxes,Sankhali Municipal council,603
Municipal Taxes,Sankhali Municipal council Trade License,1364
Municipal Taxes,Satara Municipal Council Property,1919
Municipal Taxes,Shivamogga City Corporation,517
Municipal Taxes,Siliguri Jalpaiguri Development Authority,790
Municipal Taxes,Solapur Municipal Corporation,1482
Municipal Taxes,Srinagar Municipal Corporation,1950
Municipal Taxes,Talegaon Dabhade Nagar Parishad - Municipal Taxes and Services Payments,823
Municipal Taxes,Tamil Nadu Civil Supplies And Customer Protection Dept,1044
Municipal Taxes,Tamilnadu Urban eSevai Municipal Taxes,1674
Municipal Taxes,Tamilnadu Urban eSevai Service Charges,1675
Municipal Taxes,Tarapith Rampurhat Development Authority(TRDA),1091
Municipal Taxes,Telangana State Industrial Infrastructure Corporation Ltd,1879
Municipal Taxes,Thane Municipal Corporation Property Tax,822
Municipal Taxes,Ulhasnagar Municipal Corporation,1275
Municipal Taxes,Uttarakhand Property Tax,621
Municipal Taxes,Vadiyeraibag Grampanchayat,1133
Municipal Taxes,Vadodara Municipal Corporation Property Tax,1086
Municipal Taxes,Valpoi Municipal council,605
Municipal Taxes,Valpoi Municipal council Trade License,1365
Municipal Taxes,Varanasi Nagar Nigam Property Tax,1027
Municipal Taxes,Vasai Virar Municipal Corporation - Property,380
Pan Services,NSDL EKYC PAN (Instant Pan),EKYC
Pan Services,NSDL EKYC PAN CORRECTION (Instant Pan),CEKYC
Pan Services,NSDL ESIGN PAN (Scan Based with photo and signature),ESIGN
Pan Services,NSDL ESIGN PAN CORRECTION (Scan Based with photo and signature),CESIGN
Postpaid Bill,Airtel Postpaid (Fetch and Pay),AP
Postpaid Bill,BSNL Mobile Postpaid,BSNLMP
Postpaid Bill,Jio Postpaid (Fetch and Pay),JIOP
Postpaid Bill,Wiwanet Solution Pvt Ltd,1662
Water Bill,AP PHED Itanagar and Naharlagun,1819
Water Bill,Bangalore Water Supply and Sewerage Board,70
Water Bill,Chandrapur Municipal Corporation,956
Water Bill,Chennai Metropolitan Water Supply And Sewerage Board,849
Water Bill,City Corporation Davanagere Water,1860
Water Bill,City Municipal Council -Ilkal,624
Water Bill,City Municipal Council Harihara Water,1865
Water Bill,City Municipal Council Puttur Water,1866
Water Bill,City Municipal Council Ranebennur,1768
Water Bill,DDA (Narela Zone),1637
Water Bill,DDA - (East Zone),1664
Water Bill,Delhi Development Authority (DDA) - Water,273
Water Bill,Delhi Jal Board,262
Water Bill,Department of Public Health Engineering-Water Mizoram,276
Water Bill,GRAM PANCHAYAT WANGI - WATER,1073
Water Bill,Grampanchayat Aitawade Khurd Water,1406
Water Bill,Grampanchayat Halondi Nal Paani Puravatha,968
Water Bill,Grampanchayat Ujalaiwadi (Water Tax),1806
Water Bill,Greater Warangal Municipal Corporation - Water,241
Water Bill,Greater WarangalCorporation,256
Water Bill,Haryana Urban Development Authority,264
Water Bill,Hubli Dharwad Municipal Corporation Water,1597
Water Bill,Hyderabad Metropolitan Water Supply and Sewerage Board,211
Water Bill,Jammu Kashmir Water Billing-JKPHE Jammu,581
Water Bill,Jammu Kashmir Water Billing-JKPHE Kashmir,580
Water Bill,Kerala Water Authority (KWA),298
Water Bill,Kolhapur Municipal Corporation - Water Tax,522
Water Bill,Madhya Pradesh Urban (e-Nagarpalika) - Water,370
Water Bill,Maharashtra Jeevan Pradhikaran 105Vrr Amravati,922
Water Bill,Maharashtra Jeevan Pradhikaran 156Vrr Daryapur,925
Water Bill,Maharashtra Jeevan Pradhikaran Amravati Urban,939
Water Bill,Maharashtra Jeevan Pradhikaran Anjangaon,924
Water Bill,Maharashtra Jeevan Pradikaran 79Vrr Anjangaon,923
Water Bill,Maharashtra Jeevan Pradikaran Daryapur,954
Water Bill,MCGM Water Department,644
Water Bill,Mira Bhayander Municipal Corporation-Water,1598
Water Bill,Municipal Corporation Chandigarh,330
Water Bill,Municipal Corporation Ludhiana - Water,222
Water Bill,Municipal Corporation of Gurugram (MCG) - Water,185
Water Bill,Municipal Corporation of Sambhaji Nagar-Water Tax,1836
Water Bill,Mysuruvani Vilas Water Works 24X7,926
Water Bill,Nagar Nigam Aligarh - Water,509
Water Bill,Navi Mumbai Municipal Corporation Water Tax,1778
Water Bill,New Delhi Municipal Council (NDMC) - Water,218
Water Bill,Odisha Municipal Payments Water Tax,1290
Water Bill,Port Blair Municipal Council - Water,564
Water Bill,Public Health Engineering Department - Rajasthan,1571
Water Bill,Public Health Engineering Department Haryana,514
Water Bill,Public Works Department (PWD)Goa,705
Water Bill,Puducherry Public Health Division PWD,1487
Water Bill,Pune Municipal Corporation - Water,157
Water Bill,Punjab Municipal Corporations Councils Sewerage,1678
Water Bill,Punjab Municipal Corporations/Councils,270
Water Bill,Satara Municipal Council Water,1909
Water Bill,Shimla Jal Prabandhan,751
Water Bill,Shivamoga City Corporation - Water Tax,578
Water Bill,Surat Municipal Corporation - Water,232
Water Bill,Talegaon Dabhade Nagar Parishad - Water Payments,825
Water Bill,Thane Municipal Corporation Water Tax,824
Water Bill,Tirumala Tirupati Devasthanams (TTD) - Water,1285
Water Bill,Uttarakhand Jal Sansthan,149
Water Bill,Vadiyeraibag Gp Water Tax,1134
Water Bill,Vasai Virar Municipal Corporation - Water,565
Water Bill,Vatva Industrial Estate Infrastructure Development Ltd,540
Water Bill,Vijayapura Water Board,595
